month,Account & Login,App & Firmware,Audio Quality,Billing & Payments,Charging & Battery,Connectivity,Delivery & Shipping,Order Change & Cancellation,Other,Product Enquiry,Returns & Refunds,Warranty & Repair
2025-01,6,20,20,56,26,28,92,20,1,17,26,2
2025-02,17,12,14,62,29,24,110,31,0,30,31,8
2025-03,11,25,18,84,35,44,127,28,0,31,52,7
2025-04,9,19,15,86,45,39,140,22,0,28,44,2
2025-05,13,28,18,61,29,50,124,29,0,19,43,10
2025-06,16,25,15,78,25,42,133,25,0,19,53,8
2025-07,13,39,14,65,42,43,124,46,2,24,46,4
2025-08,20,40,25,120,59,63,210,40,3,31,73,11
2025-09,23,50,22,102,44,59,205,31,1,54,67,13
2025-10,21,44,32,167,46,66,258,43,3,62,90,15
2025-11,24,43,35,182,55,86,288,61,1,72,83,22
2025-12,25,60,45,117,68,95,259,55,3,41,81,20
2026-01,24,33,33,123,80,111,208,46,2,61,79,12
2026-02,29,54,32,125,53,79,193,46,2,41,66,13
2026-03,27,48,46,137,67,76,223,34,3,32,78,9
2026-04,23,54,29,135,86,103,222,53,2,43,67,15
2026-05,23,50,34,131,61,78,221,40,1,38,65,14
2026-06,28,49,37,117,78,91,189,41,2,45,81,18
