month,Account & Login,App & Firmware,Audio Quality,Billing & Payments,Charging & Battery,Connectivity,Delivery & Shipping,Other,Product Enquiry,Returns & Refunds,Warranty & Repair
2025-01,5,17,21,71,27,27,52,42,16,26,10
2025-02,17,20,19,76,19,18,69,52,30,33,15
2025-03,13,23,24,104,29,38,74,62,29,46,20
2025-04,15,22,18,104,34,31,77,58,24,44,22
2025-05,11,27,18,83,25,40,72,62,19,42,25
2025-06,17,26,23,98,18,40,80,60,19,42,16
2025-07,12,31,17,97,35,44,79,72,21,37,17
2025-08,27,39,32,162,46,54,122,84,29,75,25
2025-09,25,48,29,143,48,48,103,82,47,70,28
2025-10,22,53,38,198,35,58,148,113,54,85,43
2025-11,29,45,41,219,54,70,157,154,59,82,42
2025-12,31,56,54,170,67,81,136,114,38,82,40
2026-01,24,44,43,143,76,94,121,107,49,70,41
2026-02,29,54,32,148,46,72,117,109,34,58,34
2026-03,28,46,50,159,54,66,125,118,30,71,33
2026-04,24,57,39,178,69,89,122,119,37,60,38
2026-05,31,44,45,144,64,61,132,114,34,53,34
2026-06,31,47,48,128,74,71,119,100,43,73,42
